name,email,address,mobile
cat,cat@gmail.com,"Pj, selongor",123456789
cat1,cat1@gmail.com,"Pj, selongor",123456790
cat2,cat2@gmail.com,"Pj, selongor",123456791
cat3,cat3@gmail.com,"Pj, selongor",123456792
cat4,cat1@gmail.com,"Pj, selongor",123456793
cat5,cat2@gmail.com,"Pj, selongor",123456794
cat6,cat3@gmail.com,"Pj, selongor",123456795
cat7,cat1@gmail.com,"Pj, selongor",123456796
cat8,cat2@gmail.com,"Pj, selongor",123456797
cat9,cat3@gmail.com,"Pj, selongor",123456798
cat10,cat1@gmail.com,"Pj, selongor",123456799
cat11,cat2@gmail.com,"Pj, selongor",123456800
cat12,cat3@gmail.com,"Pj, selongor",123456801
